{"cameraMode":{"drawMode":0,"name":"Shaded","section":"Shading Mode"},"sceneLighting":true,"audioPlay":false,"sceneViewState":{"showFog":true,"showMaterialUpdate":false,"showSkybox":true,"showFlares":true,"showImageEffects":true,"showParticleSystems":true},"in2DMode":false,"pivot":{"x":4.959918975830078,"y":0.20000000298023225,"z":0.5},"rotation":{"x":0.5747542977333069,"y":0.22669288516044618,"z":-0.16969606280326844,"w":0.7677902579307556},"size":10.093681335449219,"orthographic":false}